cluster_id,lithology_id,lithology_name,pixels,confidence
1,1,Sedimentary cover,473126,0.4991545592506013
2,1,Sedimentary cover,275162,0.9997383359620878
3,3,Felsic intrusive,65145,0.5621459820400645
4,4,Pelitic sediment,210707,0.3503016036486685
