cluster_id,lithology_id,lithology_name,pixels,confidence
1,4,Pelitic sediment,320520,0.4188942967677524
2,4,Pelitic sediment,497538,0.6127531967407515
3,2,Sedimentary cover,104080,0.9373847040737894
4,4,Pelitic sediment,102002,0.4383345424599518
