cluster_id,lithology_id,lithology_name,pixels,confidence
1,1,Sedimentary cover,94411,0.9642414549152112
2,4,Pelitic sediment,49852,0.40921126534542246
3,1,Sedimentary cover,45509,0.8558307148036652
4,4,Pelitic sediment,834368,0.3708891040883639
