{
  "adjusted_rand_score": 0.14215432730751904,
  "silhouette_score": 0.0230466046787073,
  "accuracy": 0.5844874724158806,
  "per_class": {
    "1": {
      "accuracy": 0.0,
      "pixel_count": 158055
    },
    "2": {
      "accuracy": 0.5533347313603677,
      "pixel_count": 228894
    },
    "3": {
      "accuracy": 0.0,
      "pixel_count": 152906
    },
    "4": {
      "accuracy": 0.9745129417595011,
      "pixel_count": 484285
    }
  }
}