cluster_id,lithology_id,lithology_name,pixels,confidence
1,1,Sedimentary cover,81193,0.9074181271784514
2,1,Sedimentary cover,204837,0.3661691979476364
3,1,Sedimentary cover,335740,0.4882051587537976
4,4,Pelitic sediment,402370,0.4437979968685538
