cluster_id,lithology_id,lithology_name,pixels,confidence
1,2,Sedimentary cover,280555,0.6476198962770223
2,1,Mafic volcanic,112434,0.5511766903249906
3,5,Pelitic sediment,252234,0.5839260369339582
4,2,Sedimentary cover,145134,0.8186985820000827
5,1,Mafic volcanic,233783,0.4819939858757908
