cluster_id,lithology_id,lithology_name,pixels,confidence
1,5,Pelitic sediment,244906,0.46557863016830947
2,3,Sedimentary cover,112189,0.40251718082878
3,1,Intermediate intrusive,303389,0.5585996855522118
4,3,Sedimentary cover,164244,0.772570078663452
5,6,Psammitic sediment,124866,0.5133262857783544
6,3,Sedimentary cover,74546,0.7636090467630725
