cluster_id,lithology_id,lithology_name,pixels,confidence
1,1,Intermediate intrusive,362427,0.4649322484252001
2,4,Carbonaceous rock,71576,0.38410919861406057
3,5,Pelitic sediment,293369,0.48106650668611883
4,6,Psammitic sediment,112656,0.5489543388723193
5,3,Sedimentary cover,133244,0.9164240040827354
6,3,Sedimentary cover,50868,0.6768105685303137
