cluster_id,lithology_id,lithology_name,pixels,confidence
1,2,Carbonaceous rock,237313,0.2926894017605441
2,5,Felsic intrusive,19342,0.47177127494571397
3,3,Sedimentary cover,50183,0.6111232887631269
4,3,Sedimentary cover,145008,0.448058038177204
5,3,Sedimentary cover,333808,0.6314258495901836
6,3,Sedimentary cover,238486,0.4463825968819973
