{
  "adjusted_rand_score": 0.3212563518592236,
  "silhouette_score": 0.15256072884858699,
  "accuracy": 0.5629747886031207,
  "per_class": {
    "1": {
      "accuracy": 0.987541591156744,
      "pixel_count": 171611
    },
    "2": {
      "accuracy": 0.0,
      "pixel_count": 37820
    },
    "3": {
      "accuracy": 0.7302264616679902,
      "pixel_count": 313563
    },
    "4": {
      "accuracy": 0.0,
      "pixel_count": 107295
    },
    "5": {
      "accuracy": 0.4986028816931587,
      "pixel_count": 228685
    },
    "6": {
      "accuracy": 0.3880762384510129,
      "pixel_count": 165166
    }
  }
}