cluster_id,lithology_id,lithology_name,pixels,confidence
1,5,Felsic intrusive,45446,0.6067640716454693
2,3,Sedimentary cover,331999,0.6468633941668499
3,3,Sedimentary cover,183948,0.48951334072672714
4,3,Sedimentary cover,15870,0.5472589792060492
5,3,Sedimentary cover,361593,0.3129042874170684
6,3,Sedimentary cover,85284,0.4621030908493973
