cluster_id,lithology_id,lithology_name,pixels,confidence
1,4,Pelitic sediment,113340,0.37473089818245986
2,2,Sedimentary cover,242980,0.6792616676269652
3,4,Pelitic sediment,471358,0.674041811107481
4,3,Psammitic sediment,196462,0.40853701988170743
