{
  "adjusted_rand_score": 0.3089504140715548,
  "silhouette_score": 0.14324345475580785,
  "accuracy": 0.6070312652567031,
  "per_class": {
    "1": {
      "accuracy": 0.9175016106657479,
      "pixel_count": 557223
    },
    "2": {
      "accuracy": 0.0,
      "pixel_count": 226785
    },
    "3": {
      "accuracy": 0.26211215689081346,
      "pixel_count": 139715
    },
    "4": {
      "accuracy": 0.7350448629216169,
      "pixel_count": 100417
    }
  }
}