{
  "adjusted_rand_score": 0.1035977493029367,
  "silhouette_score": 0.049975398357495426,
  "accuracy": 0.5677016814107446,
  "per_class": {
    "1": {
      "accuracy": 0.0,
      "pixel_count": 158055
    },
    "2": {
      "accuracy": 0.42623659860022545,
      "pixel_count": 228894
    },
    "3": {
      "accuracy": 0.0,
      "pixel_count": 152906
    },
    "4": {
      "accuracy": 0.9990873142880742,
      "pixel_count": 484285
    }
  }
}