{
  "adjusted_rand_score": 0.036922211598455275,
  "silhouette_score": 0.2429743574258755,
  "accuracy": 0.44900208955806825,
  "per_class": {
    "1": {
      "accuracy": 0.3984153256704981,
      "pixel_count": 326250
    },
    "2": {
      "accuracy": 0.0,
      "pixel_count": 224392
    },
    "3": {
      "accuracy": 0.0,
      "pixel_count": 141976
    },
    "4": {
      "accuracy": 0.9949807252610686,
      "pixel_count": 331522
    }
  }
}