{
  "adjusted_rand_score": 0.3569822766202424,
  "silhouette_score": 0.20805583447954049,
  "accuracy": 0.6077811627316578,
  "per_class": {
    "1": {
      "accuracy": 0.7470443813304134,
      "pixel_count": 233792
    },
    "2": {
      "accuracy": 0.9583847584058068,
      "pixel_count": 313563
    },
    "3": {
      "accuracy": 0.0,
      "pixel_count": 28658
    },
    "4": {
      "accuracy": 0.0,
      "pixel_count": 105885
    },
    "5": {
      "accuracy": 0.4303562975905938,
      "pixel_count": 342242
    }
  }
}