{
  "adjusted_rand_score": 0.127527803320636,
  "silhouette_score": 0.05353890197570906,
  "accuracy": 0.47987091608569143,
  "per_class": {
    "1": {
      "accuracy": 0.0,
      "pixel_count": 75021
    },
    "2": {
      "accuracy": 0.625075368292222,
      "pixel_count": 111121
    },
    "3": {
      "accuracy": 0.8804064355855039,
      "pixel_count": 468955
    },
    "4": {
      "accuracy": 0.0,
      "pixel_count": 82168
    },
    "5": {
      "accuracy": 0.07457380559323973,
      "pixel_count": 122362
    },
    "6": {
      "accuracy": 0.0,
      "pixel_count": 164513
    }
  }
}