{
  "adjusted_rand_score": 0.1926674588964576,
  "silhouette_score": 0.10038925194159544,
  "accuracy": 0.5234352725213349,
  "per_class": {
    "1": {
      "accuracy": 0.9432306513409962,
      "pixel_count": 326250
    },
    "2": {
      "accuracy": 0.48116688652001854,
      "pixel_count": 224392
    },
    "3": {
      "accuracy": 0.0,
      "pixel_count": 141976
    },
    "4": {
      "accuracy": 0.3630890257660125,
      "pixel_count": 331522
    }
  }
}