{
  "adjusted_rand_score": 0.05227490628080286,
  "silhouette_score": 0.08797118516583573,
  "accuracy": 0.49130197043372975,
  "per_class": {
    "1": {
      "accuracy": 0.0,
      "pixel_count": 75021
    },
    "2": {
      "accuracy": 0.0,
      "pixel_count": 111121
    },
    "3": {
      "accuracy": 0.9879903189005341,
      "pixel_count": 468955
    },
    "4": {
      "accuracy": 0.0,
      "pixel_count": 82168
    },
    "5": {
      "accuracy": 0.2993086088818424,
      "pixel_count": 122362
    },
    "6": {
      "accuracy": 0.019542528553974457,
      "pixel_count": 164513
    }
  }
}